Ticker,Nombre_Empresa,Año,Fecha,Ingresos_Totales,Gastos_Operativos,Utilidad_Neta,Margen_Neto_porcentual
CMG,"Chipotle Mexican Grill, Inc.",2025,2025-12-31,11925601000.0,1013399000.0,1535761000.0,12.877849929743581
CMG,"Chipotle Mexican Grill, Inc.",2024,2024-12-31,11313853000.0,1032513000.0,1534110000.0,13.559571615434635
CMG,"Chipotle Mexican Grill, Inc.",2023,2023-12-31,9871649000.0,952978000.0,1228737000.0,12.447130160320732
CMG,"Chipotle Mexican Grill, Inc.",2022,2022-12-31,8634652000.0,851017000.0,899101000.0,10.41270684678433
DPZ,Domino's Pizza Inc,2025,2025-12-31,4939994000.0,1023614000.0,601704000.0,12.18025770881503
DPZ,Domino's Pizza Inc,2024,2024-12-31,4706416000.0,969345000.0,584170000.0,12.412204955957995
DPZ,Domino's Pizza Inc,2023,2023-12-31,4479358000.0,907749000.0,519118000.0,11.589116118872392
DPZ,Domino's Pizza Inc,2022,2022-12-31,4537158000.0,901854000.0,452263000.0,9.967979955734405
DRI,"Darden Restaurants, Inc.",2026,2026-05-31,13210900000.0,1255900000.0,1206700000.0,9.134124094497725
DRI,"Darden Restaurants, Inc.",2025,2025-05-31,12076700000.0,1206300000.0,1049600000.0,8.691115950549404
DRI,"Darden Restaurants, Inc.",2024,2024-05-31,11390000000.0,1083600000.0,1027600000.0,9.021949078138718
DRI,"Darden Restaurants, Inc.",2023,2023-05-31,10487800000.0,892200000.0,981900000.0,9.362306680142641
MCD,McDonald's Corporation,2025,2025-12-31,26885000000.0,3040000000.0,8563000000.0,31.850474242142457
MCD,McDonald's Corporation,2024,2024-12-31,25920000000.0,2859000000.0,8223000000.0,31.724537037037038
MCD,McDonald's Corporation,2023,2023-12-31,25495000000.0,2817000000.0,8469000000.0,33.21827809374387
MCD,McDonald's Corporation,2022,2022-12-31,23182000000.0,2862000000.0,6177000000.0,26.645673367267708
QSR,Restaurant Brands International,2025,2025-12-31,9434000000.0,700000000.0,776000000.0,8.22556709773161
QSR,Restaurant Brands International,2024,2024-12-31,8406000000.0,700000000.0,1021000000.0,12.146086128955508
QSR,Restaurant Brands International,2023,2023-12-31,7022000000.0,722000000.0,1190000000.0,16.94673882084876
QSR,Restaurant Brands International,2022,2022-12-31,6505000000.0,575000000.0,1008000000.0,15.495772482705611
SG,"Sweetgreen, Inc.",2025,2025-12-31,679474000.0,214938000.0,-134065000.0,-19.73070345590854
SG,"Sweetgreen, Inc.",2024,2024-12-31,676826000.0,217288000.0,-90373000.0,-13.35247168400741
SG,"Sweetgreen, Inc.",2023,2023-12-31,584041000.0,206253000.0,-113384000.0,-19.413705544644984
SG,"Sweetgreen, Inc.",2022,2022-12-31,470105000.0,233838000.0,-190441000.0,-40.51031152614841
SHAK,"Shake Shack, Inc.",2025,2025-12-31,1445306000.0,602142000.0,45725000.0,3.1636899037297295
SHAK,"Shake Shack, Inc.",2024,2024-12-31,1252608000.0,522965000.0,10207000.0,0.814859876353975
SHAK,"Shake Shack, Inc.",2023,2023-12-31,1087533000.0,450079000.0,20264000.0,1.8632997803285052
SHAK,"Shake Shack, Inc.",2022,2022-12-31,900486000.0,390963000.0,-21229000.0,-2.3575047252261556
WEN,Wendy's Company (The),2025,2025-12-31,2176891000.0,234196000.0,165075000.0,7.583062266323854
WEN,Wendy's Company (The),2024,2024-12-31,2246492000.0,240922000.0,194357000.0,8.651577659746842
WEN,Wendy's Company (The),2023,2023-12-31,2181578000.0,231599000.0,204440000.0,9.371198279410592
WEN,Wendy's Company (The),2022,2022-12-31,2095505000.0,367104000.0,177370000.0,8.46430812620347
YUM,"Yum! Brands, Inc.",2025,2025-12-31,8214000000.0,1262000000.0,1559000000.0,18.979790601412223
YUM,"Yum! Brands, Inc.",2024,2024-12-31,7549000000.0,1181000000.0,1486000000.0,19.684726453834944
YUM,"Yum! Brands, Inc.",2023,2023-12-31,7076000000.0,1193000000.0,1597000000.0,22.56924816280384
YUM,"Yum! Brands, Inc.",2022,2022-12-31,6842000000.0,1140000000.0,1325000000.0,19.365682548962294
